"","p_val","avg_logFC","pct.1","pct.2","p_val_adj","cluster","gene"
"1",0,3.24613333459321,0.996,0.554,0,"0","Sftpc"
"2",0,3.0676252412147,0.99,0.244,0,"0","Sftpa1"
"3",0,2.83857957358614,0.902,0.094,0,"0","Cxcl15"
"4",0,2.78562990877577,0.88,0.083,0,"0","Slc34a2"
"5",0,2.75171363152787,0.985,0.241,0,"0","Sftpb"
"6",0,2.61734227593967,0.937,0.137,0,"0","Sftpd"
"7",0,2.58530046715234,0.764,0.062,0,"0","Chi3l1"
"8",0,2.52251249000582,0.653,0.036,0,"0","Hc"
"9",0,2.49864875595074,0.778,0.087,0,"0","Scd1"
"10",0,2.43082024860543,0.39,0.11,0,"0","Lyz1"
"11",0,2.31462257971336,0.665,0.044,0,"0","Lamp3"
"12",0,2.22125313908103,0.537,0.028,0,"0","S100g"
"13",0,2.19779160473384,0.585,0.037,0,"0","Sfta2"
"14",0,1.97268047743844,0.495,0.07,0,"0","Lcn2"
"15",0,1.95106193182502,0.735,0.122,0,"0","Napsa"
"16",0,1.76555760273292,0.479,0.048,0,"0","Lpcat1"
"17",0,1.67478333601433,0.391,0.031,0,"0","Fasn"
"18",0,1.64967899763818,0.638,0.11,0,"0","Atp1b1"
"19",0,1.63303222396045,0.323,0.014,0,"0","Lgi3"
"20",0,1.59891259050244,0.456,0.056,0,"0","Dram1"
"21",0,2.31749154166061,0.85,0.132,0,"1","Arg1"
"22",0,1.41994375387637,0.919,0.463,0,"1","Spp1"
"23",0,1.25884463155078,0.81,0.297,0,"1","Ctsl"
"24",0,1.22831244037024,0.775,0.29,0,"1","Wfdc17"
"25",0,1.14556285793329,0.896,0.535,0,"1","Apoe"
"26",0,1.0717250168828,0.954,0.558,0,"1","Ctss"
"27",0,1.00830990656702,0.741,0.274,0,"1","C1qb"
"28",0,0.873561635613828,0.915,0.578,0,"1","Gm10116"
"29",7.08992889048103e-287,0.857231119058369,0.79,0.383,1.65904336037256e-282,"1","Lgals3"
"30",3.11965871348485e-285,1.12487976562079,0.402,0.104,7.30000138955456e-281,"1","Ecm1"
"31",8.99567229756674e-284,0.995752207370288,0.718,0.326,2.10498731763062e-279,"1","Ftl1"
"32",2.13659200348788e-273,0.923043717088641,0.606,0.217,4.99962528816164e-269,"1","C1qc"
"33",4.71691101680803e-228,0.982447350325833,0.373,0.104,1.10375717793308e-223,"1","Msr1"
"34",4.6725489426814e-220,0.885025141322584,0.569,0.224,1.09337645258745e-215,"1","Mrc1"
"35",1.3390875911641e-214,0.854929805745591,0.534,0.198,3.133464963324e-210,"1","Fn1"
"36",4.48502457378336e-206,0.974437000822347,0.685,0.342,1.04949575026531e-201,"1","Chi3l3"
"37",7.42434290085901e-189,0.84982543706648,0.437,0.152,1.73729623880101e-184,"1","C1qa"
"38",1.89321576121319e-173,0.891528723418928,0.585,0.272,4.43012488123886e-169,"1","Srgn"
"39",3.74050665675174e-166,0.826597733217469,0.469,0.188,8.75278557679908e-162,"1","Cd302"
"40",1.32677771175778e-141,0.832102848194521,0.3,0.097,3.1046598455132e-137,"1","Gpnmb"
"41",0,2.03368000282873,0.267,0.022,0,"2","Marco"
"42",0,1.98557714812454,0.535,0.063,0,"2","Ctsk"
"43",0,1.96308432273258,0.457,0.047,0,"2","Car4"
"44",0,1.65827547071832,0.602,0.122,0,"2","1100001G20Rik"
"45",0,1.65455662756842,0.905,0.33,0,"2","Chi3l3"
"46",0,1.50874419840074,0.325,0.05,0,"2","Fabp4"
"47",0,1.32604249588263,0.591,0.148,0,"2","Atp6v0d2"
"48",0,1.23760743524252,0.355,0.073,0,"2","1600029D21Rik"
"49",0,1.22067330041919,0.924,0.416,0,"2","Ccl6"
"50",0,1.14544318074589,0.522,0.144,0,"2","Ear2"
"51",0,1.07401434373362,0.811,0.399,0,"2","Cd9"
"52",0,0.979347978884144,0.875,0.474,0,"2","Ctsd"
"53",0,0.963155759023873,0.985,0.853,0,"2","Fth1"
"54",2.41921427111288e-257,1.10934421973475,0.299,0.063,5.66096139440413e-253,"2","Il18"
"55",1.7597088935256e-244,1.00412948053319,0.611,0.247,4.11771881084991e-240,"2","Lpl"
"56",1.05446079466094e-239,0.991886290496532,0.583,0.224,2.46743825950659e-235,"2","Mrc1"
"57",2.13613166993638e-237,1.08937794167974,0.437,0.135,4.99854810765113e-233,"2","F7"
"58",6.48384550050914e-231,1.06918312332894,0.318,0.077,1.51721984711914e-226,"2","1810033B17Rik"
"59",7.53937635131449e-206,0.974235703373638,0.466,0.164,1.76421406620759e-201,"2","Clec4n"
"60",5.74047282851141e-195,0.941971717325137,0.515,0.207,1.34327064187167e-190,"2","Msrb1"
"61",0,2.31318860589964,0.359,0.019,0,"3","Ms4a4b"
"62",0,2.01622340253803,0.352,0.024,0,"3","Cd3d"
"63",0,1.94875985643549,0.333,0.045,0,"3","Il7r"
"64",0,1.92716309104946,0.263,0.01,0,"3","Trac"
"65",0,1.73678905038477,0.285,0.025,0,"3","Cd3g"
"66",0,1.70771000680023,0.48,0.057,0,"3","Trbc2"
"67",0,1.62967805651311,0.304,0.039,0,"3","Ptprcap"
"68",0,1.46931566985728,0.261,0.032,0,"3","Trbc1"
"69",2.06878844478964e-298,1.48156627688425,0.268,0.043,4.84096496080776e-294,"3","Ets1"
"70",2.50349974499481e-245,0.94599155189431,0.836,0.614,5.85818940328785e-241,"3","Rpl13a"
"71",1.20016285748763e-205,1.14464316986252,0.685,0.393,2.80838108652106e-201,"3","Tmsb10"
"72",2.5090778783852e-196,0.984606184351944,0.752,0.525,5.87124223542137e-192,"3","Rps15a"
"73",7.0074399843924e-180,1.354310790929,0.272,0.069,1.63974095634782e-175,"3","Pdcd4"
"74",6.29998812871105e-155,1.29900457302818,0.259,0.071,1.47419722211839e-150,"3","AW112010"
"75",2.86745815038317e-138,1.07030889140732,0.621,0.406,6.70985207189661e-134,"3","Gm9846"
"76",5.72832301204555e-136,1.21222347273553,0.304,0.103,1.34042758481866e-131,"3","Rac2"
"77",1.40970151186158e-130,1.26733609512672,0.254,0.076,3.2987015377561e-126,"3","Ms4a6b"
"78",7.01744942042084e-107,1.05025225806623,0.408,0.197,1.64208316437848e-102,"3","Ptprc"
"79",2.16936227445318e-102,1.12447918361358,0.361,0.167,5.07630772222044e-98,"3","Shisa5"
"80",4.02257664798594e-97,1.0185684213612,0.454,0.258,9.4128293562871e-93,"3","Gm10275"
"81",0,2.77479740193268,0.588,0.054,0,"4","Hpgd"
"82",0,2.74496819553457,0.653,0.07,0,"4","Ly6c1"
"83",0,2.72630295021582,0.554,0.04,0,"4","Lyve1"
"84",0,2.66248607078491,0.454,0.022,0,"4","Tmem100"
"85",0,2.65767953552846,0.753,0.101,0,"4","Ly6a"
"86",0,2.63040725567717,0.418,0.014,0,"4","Gpihbp1"
"87",0,2.61112945078064,0.51,0.035,0,"4","Calcrl"
"88",0,2.5564965965004,0.508,0.023,0,"4","Ramp2"
"89",0,2.54414847716109,0.471,0.026,0,"4","Ptprb"
"90",0,2.44392150041924,0.474,0.025,0,"4","Egfl7"
"91",0,2.43067316675274,0.473,0.04,0,"4","Ctla2a"
"92",0,2.35837675763712,0.398,0.016,0,"4","Tspan7"
"93",0,2.3324540545964,0.514,0.059,0,"4","Sdpr"
"94",0,2.2307632077933,0.366,0.025,0,"4","Thbd"
"95",0,2.16383983547496,0.388,0.026,0,"4","Pecam1"
"96",0,2.10527234819368,0.284,0.008,0,"4","Clec14a"
"97",0,2.01936058233763,0.306,0.017,0,"4","Cdh5"
"98",0,1.92004181272378,0.454,0.086,0,"4","Gpr116"
"99",0,1.90407754433139,0.331,0.034,0,"4","Slc43a3"
"100",0,1.87843261733815,0.375,0.052,0,"4","Id3"
"101",0,2.98205493473501,0.854,0.089,0,"5","Sec14l3"
"102",0,2.89167556060573,0.471,0.012,0,"5","AU040972"
"103",0,2.88608777605257,0.645,0.012,0,"5","Ccdc153"
"104",0,2.74837397055328,0.609,0.017,0,"5","Dynlrb2"
"105",0,2.67094502049356,0.538,0.009,0,"5","Tmem212"
"106",0,2.3836681448879,0.462,0.006,0,"5","Fam183b"
"107",0,2.33397002141784,0.592,0.056,0,"5","Aldh1a1"
"108",0,2.33390323341914,0.636,0.07,0,"5","Tppp3"
"109",0,2.30119204052036,0.433,0.007,0,"5","Rsph1"
"110",0,2.28685290418079,0.418,0.01,0,"5","Ccdc39"
"111",0,2.24998539727092,0.401,0.006,0,"5","Riiad1"
"112",0,2.24243313634967,0.407,0.005,0,"5","Sntn"
"113",0,2.23117868778028,0.431,0.008,0,"5","1700009P17Rik"
"114",0,2.10571016121585,0.402,0.013,0,"5","Fhad1"
"115",0,2.07434529203089,0.362,0.005,0,"5","1110017D15Rik"
"116",0,2.00828134181465,0.384,0.035,0,"5","Cxcl17"
"117",0,2.00592182495237,0.329,0.008,0,"5","Pcp4l1"
"118",0,1.99886648940056,0.352,0.004,0,"5","1700016K19Rik"
"119",0,1.99168811574563,0.336,0.006,0,"5","Ccdc19"
"120",0,1.9892902564638,0.355,0.012,0,"5","Traf3ip1"
"121",0,2.96865234582102,0.312,0.014,0,"6","Ccl8"
"122",0,2.22835022072177,0.444,0.029,0,"6","F13a1"
"123",0,2.14659813941766,0.5,0.052,0,"6","Pf4"
"124",0,1.73040051174717,0.414,0.053,0,"6","Ms4a7"
"125",0,1.67704756660944,0.944,0.538,0,"6","Apoe"
"126",0,1.5916977436996,0.764,0.216,0,"6","C1qc"
"127",0,1.51126855148977,0.605,0.149,0,"6","C1qa"
"128",0,1.43253036314793,0.825,0.277,0,"6","C1qb"
"129",1.78856523139912e-284,1.11963900554391,0.838,0.442,4.18524264147393e-280,"6","Ctsb"
"130",2.41074158674974e-274,1.56579825028948,0.657,0.263,5.64113531299439e-270,"6","Sepp1"
"131",1.83762481622204e-242,1.28965224437693,0.277,0.049,4.30004206995958e-238,"6","Maf"
"132",3.32731321686223e-228,1.17138754185748,0.549,0.191,7.78591292745762e-224,"6","Lgmn"
"133",1.44864151486089e-224,1.29322842232353,0.683,0.301,3.38982114477449e-220,"6","Wfdc17"
"134",4.58605027305988e-201,1.17512152411392,0.327,0.078,1.07313576389601e-196,"6","Pla2g7"
"135",3.59516340185013e-197,1.15576965887089,0.583,0.229,8.4126823603293e-193,"6","Mrc1"
"136",3.01412510310771e-189,1.10797028433113,0.419,0.126,7.05305274127205e-185,"6","Ms4a6c"
"137",6.4358034738046e-186,1.1199759242145,0.313,0.075,1.50597801287028e-181,"6","Ms4a6b"
"138",1.37811972994508e-137,1.00635999302622,0.263,0.069,3.22480016807148e-133,"6","Csf1r"
"139",1.20744564006834e-130,0.98109609099548,0.344,0.114,2.82542279775992e-126,"6","Trem2"
"140",9.00639437775743e-61,1.03950529012856,0.352,0.174,2.10749628439524e-56,"6","Ifi27l2a"
"141",1.39619455791952e-124,0.690247656472744,0.822,0.57,3.26709526553167e-120,"7","Ctss"
"142",3.35432243452331e-107,0.598326606899278,0.948,0.846,7.84911449678454e-103,"7","Lyz2"
"143",5.88883379817993e-91,0.497268991140578,0.924,0.858,1.3779871087741e-86,"7","Fth1"
"144",9.49848293036491e-89,0.676072822132129,0.706,0.487,2.22264500570539e-84,"7","Ctsd"
"145",8.64742969971494e-88,0.818228170139227,0.589,0.351,2.0234985497333e-83,"7","Chi3l3"
"146",2.98671013093858e-68,0.610278390754754,0.65,0.434,6.98890170639629e-64,"7","Ccl6"
"147",3.38057409651523e-42,0.77239940874696,0.297,0.159,7.91054338584564e-38,"7","Ear2"
"148",2.76389624737326e-40,0.516102915943748,0.527,0.369,6.46751721885342e-36,"7","Fcer1g"
"149",9.41422627758616e-40,0.585608585880746,0.541,0.416,2.20292894895516e-35,"7","Cd9"
"150",1.95409184777662e-39,0.766302786082435,0.3,0.167,4.57257492379729e-35,"7","Atp6v0d2"
"151",2.42106795543863e-39,0.498143860486954,0.552,0.397,5.66529901572639e-35,"7","Tyrobp"
"152",5.83885036539048e-21,0.489848321490862,0.34,0.239,1.36629098550137e-16,"7","Mrc1"
"153",7.43864842851095e-21,0.588865728565172,0.314,0.22,1.74064373227156e-16,"7","Msrb1"
"154",1.79243845899642e-20,0.606106209258871,0.269,0.176,4.19430599405162e-16,"7","Clec4n"
"155",6.82569439315862e-20,0.611743231748727,0.297,0.205,1.59721248799912e-15,"7","Mpeg1"
"156",6.61767080860247e-17,0.587435143077552,0.595,0.553,1.54853496921298e-12,"7","Apoe"
"157",1.48417204213867e-15,0.56610160737736,0.275,0.196,3.47296257860448e-11,"7","Cybb"
"158",1.7467889759523e-15,0.514665331901809,0.273,0.194,4.08748620372837e-11,"7","Lilrb4"
"159",4.27029807465228e-12,0.525291424126177,0.265,0.201,9.99249749468634e-08,"7","Cd302"
"160",9.57141637168065e-12,0.476391091813218,0.263,0.198,2.23971143097327e-07,"7","Cd68"
"161",0,3.17539688527067,0.571,0.013,0,"8","Ccl7"
"162",0,3.04399623819029,0.657,0.033,0,"8","Ccl2"
"163",0,2.6147081480727,0.444,0.017,0,"8","Ccl12"
"164",0,1.52668717285553,0.366,0.056,0,"8","Ms4a7"
"165",6.48542357144343e-280,1.20001063544406,0.735,0.283,1.51758911571776e-275,"8","C1qb"
"166",1.20966882959522e-260,1.36116711298396,0.357,0.071,2.83062506125282e-256,"8","Aif1"
"167",4.7708797150537e-244,1.16037763511234,0.632,0.223,1.11638585332257e-239,"8","C1qc"
"168",1.79578386388951e-223,1.10387506916048,0.288,0.053,4.20213424150144e-219,"8","C3ar1"
"169",2.39233545873182e-219,1.14793482236721,0.562,0.191,5.59806497343245e-215,"8","Lgmn"
"170",4.86071426863748e-207,0.992410610860699,0.815,0.445,1.13740713886117e-202,"8","Ctsb"
"171",5.75704060791886e-201,1.07144575516258,0.496,0.155,1.34714750225301e-196,"8","C1qa"
"172",3.39039519638891e-195,1.07838561473018,0.438,0.127,7.93352475955005e-191,"8","Ms4a6c"
"173",2.33026757651583e-175,1.07926591075643,0.383,0.108,5.45282612904704e-171,"8","Msr1"
"174",9.34364460527455e-153,0.959741647588959,0.291,0.072,2.18641283763424e-148,"8","Itgam"
"175",1.34651088017784e-150,0.926513012409865,0.302,0.076,3.15083545961615e-146,"8","Ms4a6b"
"176",2.56846916037883e-144,0.970319983608836,0.465,0.171,6.01021783528647e-140,"8","Tgfbi"
"177",2.30448409678381e-142,1.03908770242271,0.409,0.137,5.39249278647412e-138,"8","Ccl9"
"178",6.65573102328165e-133,0.981865686421789,0.692,0.394,1.55744105944791e-128,"8","Lgals3"
"179",1.42473692298354e-116,0.931176911991647,0.413,0.156,3.33388439978148e-112,"8","Dab2"
"180",2.08254417945707e-105,0.92123943321413,0.253,0.073,4.87315337992955e-101,"8","Cd14"
"181",0,1.49532316960304,0.354,0.038,0,"9","2810417H13Rik"
"182",0,1.402550901132,0.328,0.045,0,"9","Top2a"
"183",0,1.38181824040853,0.254,0.027,0,"9","Birc5"
"184",1.2231542651769e-296,1.3394797437828,0.32,0.05,2.86218098051394e-292,"9","Mki67"
"185",3.33233193265899e-264,1.21094351015414,0.367,0.071,7.79765672242205e-260,"9","Stmn1"
"186",3.63035291172404e-208,1.15233996701142,0.43,0.115,8.49502581343424e-204,"9","Hmgb2"
"187",3.14146542503625e-147,1.03920390761014,0.325,0.09,7.35102909458482e-143,"9","Pcna"
"188",1.19172377648875e-143,1.06088884289803,0.5,0.202,2.78863363698367e-139,"9","Tuba1b"
"189",4.23833005682366e-122,0.978633945348908,0.335,0.104,9.91769233296736e-118,"9","Smc4"
"190",9.89060496147069e-116,0.946675716357484,0.412,0.157,2.31440156098414e-111,"9","Tubb5"
"191",3.7808087655431e-85,0.795642686351778,0.32,0.119,8.84709251137085e-81,"9","H2afz"
"192",1.85719510952044e-75,0.838209671615457,0.327,0.133,4.34583655627784e-71,"9","Dek"
"193",3.77474592379677e-66,0.731933808609522,0.35,0.157,8.83290546168445e-62,"9","Ranbp1"
"194",4.59819887230425e-64,0.692989318165821,0.603,0.397,1.0759785361192e-59,"9","Ptma"
"195",3.35547199911555e-62,0.65252645813974,0.293,0.12,7.85180447793039e-58,"9","Hmgn2"
"196",1.07338978657853e-57,0.705532886346094,0.309,0.136,2.51173210059377e-53,"9","Ran"
"197",5.43428503623538e-43,0.60168134241537,0.275,0.128,1.27162269847908e-38,"9","Anp32e"
"198",7.19232565176011e-40,0.558409629917261,0.256,0.121,1.68300420251187e-35,"9","Gm4204"
"199",7.78650054031764e-28,0.456112731772521,0.356,0.217,1.82204112643433e-23,"9","Ifi30"
"200",1.8949480843751e-26,0.456687016911133,0.462,0.317,4.43417851743773e-22,"9","Ncl"
"201",0,3.5158050164351,0.874,0.161,0,"10","Mgp"
"202",0,3.35581122216101,0.771,0.048,0,"10","Col1a2"
"203",0,3.10562202635542,0.689,0.043,0,"10","Col3a1"
"204",0,2.88854002148136,0.43,0.012,0,"10","Acta2"
"205",0,2.73412068959291,0.503,0.024,0,"10","Col1a1"
"206",0,2.70831363235925,0.852,0.146,0,"10","Sparc"
"207",0,2.64872571101915,0.446,0.042,0,"10","Serpine2"
"208",0,2.60573034339459,0.582,0.056,0,"10","Sparcl1"
"209",0,2.57538057153394,0.497,0.029,0,"10","Timp1"
"210",0,2.3549720406422,0.47,0.052,0,"10","Gpx3"
"211",0,2.30257176855298,0.478,0.02,0,"10","Fstl1"
"212",0,2.23691702696207,0.343,0.009,0,"10","Tpm2"
"213",0,2.15974653452478,0.496,0.047,0,"10","Cald1"
"214",0,2.10618054096849,0.272,0.003,0,"10","Tagln"
"215",0,2.04072265367787,0.493,0.118,0,"10","Mt2"
"216",0,2.02952000346512,0.353,0.013,0,"10","Col5a2"
"217",0,2.00955553468368,0.609,0.132,0,"10","Tpm1"
"218",0,1.98025884457174,0.286,0.006,0,"10","Mfap5"
"219",0,1.95879579556643,0.469,0.042,0,"10","Bgn"
"220",1.14041903532886e-143,2.19223924459021,0.366,0.117,2.66858054266954e-139,"10","Gsn"
"221",0,3.1669235737338,0.861,0.051,0,"11","Trbc2"
"222",0,2.92561660542026,0.61,0.024,0,"11","Trbc1"
"223",0,2.62040285488255,0.467,0.015,0,"11","Cd8b1"
"224",0,2.61004877005344,0.649,0.062,0,"11","Stmn1"
"225",0,2.57087074659688,0.549,0.033,0,"11","2810417H13Rik"
"226",0,2.46291812677678,0.489,0.017,0,"11","Tcf7"
"227",0,2.45001505417943,0.404,0.004,0,"11","Dntt"
"228",0,2.4060758616978,0.694,0.107,0,"11","Hmgb2"
"229",0,2.37803521929163,0.492,0.041,0,"11","Top2a"
"230",0,2.32055863936851,0.341,0.003,0,"11","Arpp21"
"231",0,2.26538178145236,0.366,0.02,0,"11","Nusap1"
"232",0,2.25658377088458,0.329,0.008,0,"11","Cd8a"
"233",0,2.15523649641235,0.393,0.019,0,"11","Lck"
"234",0,2.08821015685892,0.426,0.047,0,"11","Mki67"
"235",0,2.07313137550797,0.415,0.025,0,"11","Cd3g"
"236",0,2.03992260389401,0.549,0.098,0,"11","Smc4"
"237",0,2.03930472791562,0.584,0.118,0,"11","Anp32e"
"238",0,2.03497925596952,0.313,0.008,0,"11","Sh2d1a"
"239",0,2.02724377206285,0.403,0.027,0,"11","Thy1"
"240",0,2.01255219346595,0.544,0.112,0,"11","Hmgn2"
"241",0,2.81540441166656,0.508,0.01,0,"12","Ms4a1"
"242",0,2.47430742113277,0.439,0.013,0,"12","Cd79b"
"243",0,2.30476140709495,0.455,0.019,0,"12","Iglc2"
"244",0,2.29708863162936,0.448,0.027,0,"12","Ly6d"
"245",0,2.12607001204466,0.275,0.005,0,"12","Bank1"
"246",0,2.11569740262443,0.626,0.069,0,"12","Ighm"
"247",0,2.08293943459898,0.295,0.005,0,"12","Cd79a"
"248",0,1.92204778807135,0.362,0.042,0,"12","Cd37"
"249",0,1.83392270799593,0.858,0.135,0,"12","Igkc"
"250",6.10630531458149e-261,1.08771485738091,0.886,0.459,1.42887544361207e-256,"12","Cd74"
"251",2.62728218399349e-211,1.40852448328664,0.271,0.045,6.14784031054476e-207,"12","Ptprcap"
"252",1.91273987849783e-204,1.01742973682844,0.863,0.617,4.47581131568493e-200,"12","Rpl13a"
"253",1.19607955315413e-193,1.28963493967524,0.74,0.405,2.79882615438066e-189,"12","Gm9846"
"254",2.89037547607478e-188,1.41719252649488,0.279,0.053,6.76347861401499e-184,"12","Plac8"
"255",8.36541497422126e-176,0.9155193230914,0.867,0.646,1.95750710396778e-171,"12","Rps19"
"256",2.16048284091721e-143,0.960237751179001,0.764,0.509,5.05552984774626e-139,"12","Rpl18a"
"257",1.78280014048584e-136,0.905910239282115,0.771,0.528,4.17175232873688e-132,"12","Rps15a"
"258",7.00345654229563e-136,0.955437561392674,0.734,0.485,1.63880883089718e-131,"12","Rps24"
"259",7.05319316084262e-105,0.948573183113827,0.653,0.422,1.65044719963717e-100,"12","Rps20"
"260",7.81278410157587e-83,0.914798310994855,0.562,0.319,1.82819147976875e-78,"12","Cd52"
"261",0,3.07919865144904,0.716,0.04,0,"13","Mmp12"
"262",0,2.40299022729452,0.543,0.034,0,"13","Mfge8"
"263",5.88196599244849e-241,1.73392839041258,0.755,0.313,1.37638004223295e-236,"13","Ctsl"
"264",1.52599954856036e-227,1.0333896713869,0.948,0.569,3.57083894363125e-223,"13","Ctss"
"265",2.23587336171733e-215,1.19956089918412,0.825,0.392,5.23194366641855e-211,"13","Lgals3"
"266",7.30181055024011e-206,1.0983881642287,0.839,0.447,1.70862366875619e-201,"13","Ctsb"
"267",2.24636983482498e-198,1.22572594659464,0.876,0.477,5.25650541349045e-194,"13","Spp1"
"268",3.00751332337342e-187,1.05300780570081,0.847,0.431,7.03758117669381e-183,"13","Ccl6"
"269",4.70855754491894e-179,1.01809593263308,0.8,0.416,1.10180246551103e-174,"13","Psap"
"270",3.69998379513552e-172,1.05692370232156,0.847,0.485,8.65796208061712e-168,"13","Ctsd"
"271",3.71853021844545e-165,1.21039764497089,0.588,0.219,8.70136071116235e-161,"13","Fabp5"
"272",5.36470255208861e-165,1.30575715312669,0.46,0.138,1.25534039718873e-160,"13","Ccl9"
"273",7.77174844735517e-156,1.01836431626922,0.705,0.305,1.81858913668111e-151,"13","Wfdc17"
"274",1.15209205325956e-144,1.2463586846005,0.368,0.1,2.69589540462736e-140,"13","Gpnmb"
"275",2.56694588029542e-140,1.08280157688571,0.609,0.256,6.00665335989129e-136,"13","Lpl"
"276",8.92686516802541e-139,1.06988942032558,0.396,0.115,2.08888644931795e-134,"13","Trem2"
"277",2.35812661619433e-137,0.997168101801152,0.43,0.132,5.51801628189474e-133,"13","Lipa"
"278",3.578863196887e-133,1.01640334863861,0.572,0.237,8.37453988071559e-129,"13","Creg1"
"279",2.77930143965919e-74,1.14162994319128,0.658,0.431,6.5035653688025e-70,"13","Prdx1"
"280",1.94800632986225e-68,1.06725052919018,0.252,0.083,4.55833481187768e-64,"13","Ctsk"
"281",0,2.99194314337093,0.669,0.042,0,"14","Ccl17"
"282",0,2.63259652896813,0.568,0.021,0,"14","Mgl2"
"283",0,2.05061482022079,0.921,0.269,0,"14","H2-Eb1"
"284",0,2.01045463918029,0.972,0.36,0,"14","H2-Ab1"
"285",0,1.95239746300283,0.978,0.347,0,"14","H2-Aa"
"286",0,1.70888612782738,0.957,0.459,0,"14","Cd74"
"287",1.17661488796863e-274,1.58305641794798,0.915,0.55,2.75327883784659e-270,"14","Cst3"
"288",6.67759764005107e-272,1.47015184726687,0.34,0.051,1.56255784777195e-267,"14","Plbd1"
"289",2.81010182338693e-247,1.43241889577168,0.523,0.133,6.57563826672541e-243,"14","H2-DMa"
"290",9.28850626198652e-163,1.37577617356873,0.364,0.091,2.17351046530485e-158,"14","AA467197"
"291",2.38556440464804e-159,1.23115354328521,0.554,0.201,5.58222070687642e-155,"14","S100a4"
"292",2.16022915699525e-140,0.916558837284276,0.69,0.316,5.05493622736888e-136,"14","Cd52"
"293",2.8916176213451e-134,1.15026579881747,0.33,0.086,6.76638523394754e-130,"14","H2-DMb1"
"294",1.17616941984722e-116,1.07047549435538,0.273,0.067,2.75223644244249e-112,"14","Bcl2a1d"
"295",4.5436021836516e-112,0.990186076833953,0.622,0.319,1.06320291097448e-107,"14","Atox1"
"296",2.62493115099468e-109,1.08178564653189,0.327,0.096,6.14233889332755e-105,"14","Ccr2"
"297",1.04353945017274e-102,0.998800260671717,0.326,0.099,2.44188231340421e-98,"14","Cfp"
"298",6.25883562806045e-91,0.985055006155624,0.279,0.083,1.46456753696614e-86,"14","Syngr2"
"299",8.26572047123148e-77,0.888265948539879,0.362,0.14,1.93417859026817e-72,"14","Gm2a"
"300",2.38420035969173e-76,0.921128711106694,0.498,0.248,5.57902884167865e-72,"14","Id2"
"301",0,2.85609856270187,0.985,0.86,0,"15","Scgb1a1"
"302",0,2.53158602473209,0.74,0.11,0,"15","Scgb3a2"
"303",0,2.21687138485476,0.69,0.128,0,"15","Cyp2f2"
"304",0,1.85532470294296,0.664,0.168,0,"15","Hp"
"305",0,1.6150205503187,0.781,0.267,0,"15","Cbr2"
"306",5.93190824332101e-270,1.40365210709399,0.543,0.127,1.38806652893712e-265,"15","Selenbp1"
"307",6.46676204547385e-268,1.10245688586316,0.404,0.069,1.51322231864088e-263,"15","Aldh1a1"
"308",2.71799798103798e-256,1.21804555066137,0.68,0.203,6.36011527562887e-252,"15","Wfdc2"
"309",2.61009527015003e-255,2.63625013934946,0.574,0.165,6.10762293215107e-251,"15","Retnla"
"310",1.13430102721431e-238,1.16565956996298,0.35,0.059,2.65426440368149e-234,"15","Cp"
"311",8.9200871394924e-206,0.816368345279455,0.28,0.043,2.08730039064122e-201,"15","Cyp4b1"
"312",4.23835636280597e-199,0.763068931163477,0.35,0.067,9.91775388896597e-195,"15","Fmo2"
"313",5.3418362422426e-198,1.07060870999851,0.418,0.094,1.24998968068477e-193,"15","Ces1d"
"314",4.9805806751237e-189,1.46324014824751,0.371,0.084,1.16545587797894e-184,"15","Scgb3a1"
"315",1.27654291036372e-161,1.11753358593334,0.564,0.199,2.98711041025111e-157,"15","Prdx6"
"316",4.57212009383855e-161,0.972779948965745,0.348,0.08,1.06987610195822e-156,"15","Por"
"317",1.69275797568874e-160,1.10827047653193,0.609,0.234,3.96105366311165e-156,"15","Mgst1"
"318",7.99706813269979e-124,0.751928008091504,0.31,0.077,1.87131394305175e-119,"15","Ldhb"
"319",4.30915388353011e-100,0.806668445294833,0.371,0.12,1.00834200874605e-95,"15","Alas1"
"320",1.28940353761266e-99,0.716097209885646,0.308,0.087,3.01720427801362e-95,"15","Mettl7a1"
"321",0,1.43659405727767,0.938,0.362,0,"16","H2-Ab1"
"322",0,1.37818338295805,0.925,0.349,0,"16","H2-Aa"
"323",2.82376677829746e-277,1.27625583329763,0.938,0.46,6.60761426121606e-273,"16","Cd74"
"324",1.17349103701301e-249,1.34322545032788,0.756,0.274,2.74596902661045e-245,"16","H2-Eb1"
"325",1.83181817022418e-95,1.24327220364378,0.312,0.097,4.28645451832457e-91,"16","Ccr2"
"326",1.24617964480392e-74,1.0338917542396,0.761,0.555,2.91606036884118e-70,"16","Cst3"
"327",9.14254047496131e-64,0.997381039463472,0.257,0.089,2.13935447114095e-59,"16","H2-DMb1"
"328",4.73657213730972e-44,0.848265014420623,0.304,0.14,1.10835788013047e-39,"16","H2-DMa"
"329",1.09257412415188e-43,0.682052304060244,0.461,0.266,2.5566234505154e-39,"16","Alox5ap"
"330",3.75226992882257e-40,0.536593982413453,0.601,0.398,8.78031163344482e-36,"16","Tyrobp"
"331",7.68788230072796e-36,0.585849831840162,0.503,0.322,1.79896445837034e-31,"16","Cd52"
"332",5.43739435316639e-35,0.820165760119789,0.305,0.156,1.27235027864093e-30,"16","Fcgr2b"
"333",5.07533494080912e-30,0.743095732115294,0.276,0.143,1.18762837614933e-25,"16","Gm2a"
"334",5.41316109302635e-23,0.610326602240495,0.305,0.178,1.26667969576817e-18,"16","Tgfbi"
"335",3.74832391480178e-21,0.545812687078278,0.449,0.325,8.77107796063617e-17,"16","Atox1"
"336",1.18725298259672e-19,0.561638983755356,0.258,0.149,2.77817197927632e-15,"16","Hexb"
"337",3.20563966830973e-19,0.529835262039771,0.325,0.208,7.50119682384476e-15,"16","S100a4"
"338",8.89356377718055e-17,0.559942780883074,0.323,0.219,2.08109392386025e-12,"16","Ifi30"
"339",5.57886769716272e-16,0.569228128386036,0.261,0.161,1.30545504113608e-11,"16","Ear2"
"340",7.21721690876604e-15,0.525949632644442,0.276,0.177,1.68882875665125e-10,"16","Clec4n"
"341",0,2.25547861101007,0.378,0.039,0,"17","Ly6c2"
"342",0,2.163800551174,0.407,0.022,0,"17","Ms4a4c"
"343",0,2.12148788043663,0.401,0.051,0,"17","Plac8"
"344",7.45968697051168e-160,1.29756012295548,0.454,0.13,1.74556675109973e-155,"17","Ms4a6c"
"345",3.49532875932338e-156,1.29332835672249,0.518,0.172,8.17906929681671e-152,"17","Ifi27l2a"
"346",1.6295653255038e-148,1.30553973149372,0.551,0.2,3.8131828616789e-144,"17","Ifitm3"
"347",2.44318172585335e-147,1.29400637126092,0.275,0.055,5.71704523849684e-143,"17","Ifi204"
"348",3.30051869414254e-118,1.25824310262233,0.301,0.076,7.72321374429355e-114,"17","Aif1"
"349",8.63547433679437e-115,1.22875777333658,0.34,0.096,2.02070099480988e-110,"17","Ccr2"
"350",3.52952190654928e-104,1.07166787785219,0.317,0.09,8.25908126132531e-100,"17","Ly86"
"351",6.49616199311408e-98,1.04475782826962,0.289,0.079,1.52010190638869e-93,"17","Ms4a6b"
"352",8.04698254545488e-76,0.726108024445709,0.653,0.368,1.88299391563644e-71,"17","Fcer1g"
"353",8.72127847657561e-74,0.710467105387316,0.613,0.319,2.04077916351869e-69,"17","Cd52"
"354",7.75459019423957e-72,1.05619167179485,0.281,0.094,1.81457410545206e-67,"17","Bst2"
"355",4.48212908251428e-45,0.75373203631681,0.335,0.155,1.04881820530834e-40,"17","Psmb8"
"356",5.44423764505702e-41,0.840337409659416,0.252,0.106,1.27395160894334e-36,"17","Ms4a6d"
"357",5.52612799930166e-37,0.678852652575865,0.551,0.374,1.29311395183659e-32,"17","H2-Ab1"
"358",3.13314085690891e-34,0.702209285872129,0.535,0.36,7.33154960516686e-30,"17","H2-Aa"
"359",8.42764082930927e-33,0.684338526852676,0.335,0.178,1.97206795405837e-28,"17","Tgfbi"
"360",1.04790413815088e-31,0.680473079686324,0.453,0.283,2.45209568327306e-27,"17","H2-Eb1"
"361",0,2.73967356267174,0.671,0.01,0,"18","Ear1"
"362",0,2.73709924607403,0.547,0.004,0,"18","Fabp1"
"363",0,1.69617042911289,0.68,0.15,0,"18","Ear2"
"364",0,1.45571288881514,0.962,0.344,0,"18","Chi3l3"
"365",5.15219297893678e-298,1.48506564517374,0.455,0.078,1.20561315707121e-293,"18","1600029D21Rik"
"366",8.77199984592779e-262,1.45449654784072,0.457,0.089,2.0526479639471e-257,"18","Abcg1"
"367",1.76013848183121e-259,1.23942347933606,0.919,0.43,4.11872404748503e-255,"18","Ccl6"
"368",9.71926699946311e-240,1.29159306068997,0.85,0.409,2.27430847787437e-235,"18","Cd9"
"369",3.0847223249922e-189,1.22296794422024,0.348,0.068,7.21825024048175e-185,"18","Il18"
"370",4.11945315004752e-181,1.14599855274686,0.549,0.162,9.6395203711112e-177,"18","Atp6v0d2"
"371",5.83070955247777e-173,1.21375773589339,0.364,0.079,1.3643860352798e-168,"18","Ltc4s"
"372",1.85751907744452e-165,1.08173707940695,0.496,0.138,4.34659464122017e-161,"18","1100001G20Rik"
"373",7.75069527687103e-164,1.27968047542756,0.488,0.146,1.81366269478782e-159,"18","Cd44"
"374",5.29240675746828e-156,1.13778960130088,0.357,0.082,1.23842318124758e-151,"18","1810033B17Rik"
"375",4.02052898551865e-126,1.10854869367,0.332,0.085,9.40803782611364e-122,"18","Adipor2"
"376",6.2169704095507e-125,1.1381028227836,0.321,0.082,1.45477107583486e-120,"18","Cd164"
"377",9.46744649833519e-113,1.12135945483308,0.3,0.077,2.21538248061044e-108,"18","Lmo4"
"378",1.60109849488288e-108,1.08152339579446,0.252,0.058,3.74657047802595e-104,"18","Tnfaip2"
"379",9.00519227463846e-107,1.05204761735356,0.266,0.064,2.1072149922654e-102,"18","Car4"
"380",4.69264864055886e-101,1.0524032950529,0.394,0.133,1.09807978189077e-96,"18","Sgk1"
"381",0,2.24699878750549,0.495,0.043,0,"19","Krt18"
"382",0,2.13011875490111,0.441,0.028,0,"19","Krt7"
"383",0,2.0436641713615,0.277,0.009,0,"19","Akap5"
"384",0,1.97340255862584,0.34,0.029,0,"19","Cryab"
"385",0,1.87193223504695,0.465,0.066,0,"19","Emp2"
"386",0,1.77940202905065,0.303,0.018,0,"19","2200002D01Rik"
"387",0,1.69646755802333,0.349,0.04,0,"19","Krt8"
"388",0,1.60662076065839,0.301,0.029,0,"19","Tnfrsf12a"
"389",3.66194874399615e-301,2.21992513580601,0.49,0.097,8.56896006095098e-297,"19","Ager"
"390",1.4856185361997e-282,1.55431079947989,0.368,0.055,3.4763473747073e-278,"19","Cystm1"
"391",2.52699667278688e-252,1.80878519394321,0.409,0.076,5.91317221432129e-248,"19","Cldn18"
"392",1.36133082364509e-248,1.61029523567144,0.324,0.048,3.1855141273295e-244,"19","Lmo7"
"393",4.9119823233047e-237,2.23202146650825,0.419,0.083,1.1494038636533e-232,"19","Clu"
"394",1.00734176360408e-190,1.58125490576683,0.528,0.159,2.35717972683355e-186,"19","Cdkn1a"
"395",1.75669252829714e-161,1.32000975744748,0.476,0.14,4.11066051621532e-157,"19","Tpm1"
"396",5.89532221051425e-160,1.30726921332736,0.305,0.062,1.37950539726033e-155,"19","Icam1"
"397",4.21896614051532e-128,1.28331898623285,0.3,0.07,9.87238076880585e-124,"19","Timp3"
"398",6.9606353822447e-123,1.41713132617523,0.578,0.257,1.62878867944526e-118,"19","Anxa1"
"399",4.17583471119078e-85,1.33381850493289,0.251,0.07,9.77145322418642e-81,"19","Gclc"
"400",8.82042798356078e-83,1.25925374905469,0.618,0.356,2.06398014815322e-78,"19","S100a6"
"401",0,3.74150164383597,0.876,0.064,0,"20","C3"
"402",0,3.57511773463804,0.748,0.048,0,"20","Igfbp5"
"403",0,3.44576547913697,0.728,0.017,0,"20","Gpc3"
"404",0,3.41766438326024,0.674,0.011,0,"20","Msln"
"405",0,3.21384627494184,0.775,0.025,0,"20","Dcn"
"406",0,3.1977678904734,0.61,0.016,0,"20","Rarres2"
"407",0,2.92992613211252,0.668,0.06,0,"20","Fmo2"
"408",0,2.89299483142925,0.514,0.005,0,"20","Upk3b"
"409",0,2.83487223353357,0.528,0.018,0,"20","Igfbp6"
"410",0,2.75145948995014,0.546,0.019,0,"20","C4b"
"411",0,2.45197360488935,0.537,0.03,0,"20","Aebp1"
"412",0,2.38314679468746,0.561,0.028,0,"20","Serping1"
"413",0,2.30436932708532,0.396,0.012,0,"20","Efemp1"
"414",0,2.30020825291851,0.39,0.003,0,"20","Gpm6a"
"415",0,2.19270097142045,0.43,0.011,0,"20","Ptgis"
"416",0,2.17960182667462,0.372,0.003,0,"20","Nkain4"
"417",0,2.14238898668623,0.66,0.078,0,"20","Clu"
"418",0,2.09971006107789,0.365,0.026,0,"20","Slc39a8"
"419",7.32517884274214e-276,2.34104342295446,0.469,0.088,1.71409184920166e-271,"20","Slpi"
"420",9.03959803600454e-185,2.92110801635453,0.289,0.048,2.11526594042506e-180,"20","Saa3"
"421",0,4.48348772723366,0.744,0.035,0,"21","S100a9"
"422",0,4.14038317721127,0.794,0.117,0,"21","S100a8"
"423",0,3.56737280325034,0.497,0.013,0,"21","Retnlg"
"424",0,2.49992015553148,0.345,0.018,0,"21","Il1b"
"425",1.39225726755901e-59,1.08531541372673,0.376,0.143,3.25788200608809e-55,"21","1100001G20Rik"
"426",4.10716528561416e-48,0.985531670658133,0.521,0.285,9.61076676833713e-44,"21","Srgn"
"427",9.87471816436257e-45,0.656719599577485,0.658,0.398,2.31068405046084e-40,"21","Tyrobp"
"428",1.38870954507741e-36,0.850880317926046,0.471,0.267,3.24958033548113e-32,"21","Alox5ap"
"429",4.08947174495502e-34,1.19984598581451,0.268,0.114,9.56936388319475e-30,"21","Lcn2"
"430",1.08824335192913e-31,0.841144495041263,0.399,0.22,2.54648944351416e-27,"21","Msrb1"
"431",1.35085912918657e-30,1.17760971951393,0.301,0.146,3.16101036229656e-26,"21","Fos"
"432",8.18532476779829e-20,0.530161117361631,0.954,0.934,1.9153659956648e-15,"21","mt-Rnr2"
"433",6.40427275847871e-19,0.554120227165083,0.564,0.43,1.49859982548402e-14,"21","S100a11"
"434",4.15649658430296e-18,0.871027233861037,0.265,0.149,9.72620200726893e-14,"21","Junb"
"435",5.28922691971685e-18,0.700193140937836,0.306,0.18,1.23767909921374e-13,"21","Hp"
"436",5.67586020488851e-16,0.481593003436666,0.457,0.314,1.32815128794391e-11,"21","Wfdc17"
"437",3.38550851966516e-15,0.526707874562389,0.443,0.321,7.92208993601648e-11,"21","Fxyd5"
"438",1.14440184793985e-13,0.558981140694292,0.376,0.263,2.67790032417925e-09,"21","Anxa1"
"439",5.16693102856874e-12,0.568402240417906,0.333,0.232,1.20906186068508e-07,"21","Slfn2"
"440",2.22061210288145e-09,0.482326622381797,0.347,0.255,5.19623232074259e-05,"21","Lcp1"
"441",0,2.33937650437592,0.467,0.014,0,"22","Ccl3"
"442",0,2.26533340540513,0.477,0.015,0,"22","Rgs1"
"443",7.61173655291857e-78,0.769422308006977,0.891,0.575,1.78114635338295e-73,"22","Ctss"
"444",7.26006857353807e-68,1.08537104051246,0.798,0.551,1.69885604620791e-63,"22","Apoe"
"445",2.32958664622976e-58,0.770424094105845,0.614,0.295,5.45123275217765e-54,"22","C1qb"
"446",3.44142388087151e-55,0.769923138159091,0.727,0.454,8.05293188123933e-51,"22","Ctsb"
"447",8.12511680887307e-55,0.8654651201926,0.618,0.312,1.9012773332763e-50,"22","Wfdc17"
"448",3.12110989396555e-54,0.76722188840592,0.772,0.484,7.30339715187938e-50,"22","Spp1"
"449",3.16663966571998e-51,0.886106985543727,0.6,0.321,7.40993681778474e-47,"22","Ctsl"
"450",8.94090791665732e-50,0.845536376566295,0.677,0.4,2.09217245249781e-45,"22","Lgals3"
"451",2.72721385686727e-46,0.898114241496753,0.265,0.085,6.38168042506941e-42,"22","Pla2g7"
"452",1.9687066796571e-44,0.77753622201244,0.497,0.234,4.6067736303976e-40,"22","C1qc"
"453",2.56576174046919e-43,0.778079457300218,0.434,0.193,6.0038824726979e-39,"22","Lilrb4"
"454",7.8396596472874e-43,0.676199108716676,0.745,0.491,1.83448035746525e-38,"22","Ctsd"
"455",1.21121093181671e-36,0.881704615975774,0.339,0.144,2.8342335804511e-32,"22","Ccl9"
"456",4.37078724555942e-36,0.808543637244934,0.293,0.114,1.0227642154609e-31,"22","Gp49a"
"457",9.88812253696579e-32,0.680426239889452,0.56,0.344,2.31382067364999e-27,"22","Ftl1"
"458",1.77158275373168e-29,0.742512164394511,0.311,0.138,4.14550364373213e-25,"22","Lipa"
"459",1.48966738747193e-20,0.682569642137256,0.331,0.177,3.48582168668432e-16,"22","Clec4n"
"460",2.88573688878191e-09,0.697942772683554,0.509,0.437,6.75262431974967e-05,"22","Prdx1"
"461",0,4.77131320674093,0.561,0.069,0,"23","Igha"
"462",0,4.3756940154897,0.675,0.023,0,"23","Igj"
"463",0,3.78763909471565,0.406,0.006,0,"23","Iglv1"
"464",2.24808786576431e-233,4.50414785043768,0.647,0.151,5.26052560588848e-229,"23","Igkc"
"465",1.0387259939938e-24,0.786539716386232,0.327,0.16,2.4306188259455e-20,"23","Sec11c"
"466",5.94906893576373e-16,0.650008609964081,0.303,0.171,1.39208213096871e-11,"23","Ssr4"
"467",1.0794951977896e-11,0.810280755494905,0.546,0.455,2.52601876282765e-07,"23","Hsp90b1"
"468",4.86956822337642e-11,0.251707006374288,0.753,0.577,1.13947896427008e-06,"23","Ctss"
"469",5.99040337953555e-10,0.351818674010547,0.492,0.359,1.40175439081132e-05,"23","Chi3l3"
"470",1.49180255233869e-09,0.330775486273302,0.277,0.167,3.49081797247254e-05,"23","Serp1"
"471",1.06445599763706e-07,0.476831561598242,0.26,0.171,0.00249082703447071,"23","Atp6v0d2"
"472",8.81269054716078e-07,0.29070440987962,0.265,0.175,0.0206216958803562,"23","Shisa5"
"473",1.42826587626294e-06,0.350743224503223,0.378,0.285,0.0334214215045527,"23","Rpl36al"
"474",1.83131070532934e-06,0.297661450869637,0.439,0.325,0.0428526705047066,"23","Cd52"
"475",1.88289656911447e-06,0.286354278957074,0.31,0.216,0.0440597797172786,"23","Ndufa1"
"476",9.62594800868259e-05,0.379605529570976,0.454,0.387,1,"23","Hspa5"
"477",0.000420523940983452,0.293722571326268,0.31,0.246,1,"23","Sec61b"
"478",0.00365577380108283,0.31966222322376,0.256,0.208,1,"23","Mpeg1"
"479",0,2.46662140890293,0.562,0.04,0,"24","Samsn1"
"480",0,2.44896390695981,0.466,0.016,0,"24","Tbc1d4"
"481",0,2.39614216938551,0.265,0.004,0,"24","Ccl22"
"482",0,2.31306007699362,0.363,0.009,0,"24","Ccr7"
"483",0,2.19920565403174,0.265,0.008,0,"24","Fscn1"
"484",4.84577386699736e-190,2.35845616524462,0.347,0.044,1.13391108487738e-185,"24","Ccl5"
"485",1.73373791055307e-110,1.68588435807725,0.286,0.049,4.05694671069419e-106,"24","Tmem123"
"486",5.23355922898565e-109,2.03327130503669,0.307,0.057,1.22465285958264e-104,"24","Ccl17"
"487",3.45621352392707e-81,1.52642612890473,0.808,0.557,8.08753964598935e-77,"24","Cst3"
"488",8.55405084809472e-78,1.317141303451,0.262,0.055,2.00164789845417e-73,"24","Bcl2a1a"
"489",1.00824819427183e-76,1.46818942615131,0.33,0.085,2.35930077459608e-72,"24","Syngr2"
"490",1.1943977616268e-66,1.4199147806951,0.281,0.07,2.79489076220671e-62,"24","Bcl2a1d"
"491",2.2653408048577e-63,1.24930899352691,0.429,0.154,5.30089748336702e-59,"24","Lsp1"
"492",2.68523568647201e-52,1.21861212389312,0.375,0.135,6.28345150634451e-48,"24","Bcl2a1b"
"493",2.95654126075319e-49,0.952551926737531,0.735,0.502,6.91830655016246e-45,"24","Crip1"
"494",2.03028045693929e-43,1.01548658233403,0.546,0.284,4.75085626923794e-39,"24","H2-Eb1"
"495",5.5402402193463e-40,1.21821010861704,0.314,0.118,1.29641621132703e-35,"24","Psme2"
"496",1.50864903998124e-35,1.16248582131159,0.328,0.136,3.53023875355611e-31,"24","Psme2b"
"497",4.04939051548418e-31,0.962612097459007,0.349,0.157,9.47557380623298e-27,"24","Psmb8"
"498",4.87547046274777e-22,1.08949966637932,0.393,0.228,1.14086008828298e-17,"24","Fabp5"
"499",0,3.18224779652775,1,0.016,0,"25","Gm10800"
"500",6.28152920363103e-27,1.07688166045427,0.956,0.934,1.46987783364966e-22,"25","mt-Rnr2"
"501",4.39981263271784e-11,0.286972189911019,0.756,0.578,1.02955615605598e-06,"25","Ctss"
"502",1.13043445280364e-10,0.469644872396604,0.522,0.364,2.64521661956051e-06,"25","H2-Aa"
"503",2.09457487119026e-10,0.491718962835369,0.519,0.377,4.90130519858521e-06,"25","H2-Ab1"
"504",1.76904001534768e-07,0.405243419607292,0.41,0.287,0.00413955363591358,"25","H2-Eb1"
"505",1.10802552431356e-05,0.305321921070016,0.525,0.426,0.259277972689374,"25","Psap"
"506",2.56129252414748e-05,0.251248819229557,0.59,0.495,0.59934245065051,"25","Ctsd"
"507",3.41311939469927e-05,0.453774440054944,0.454,0.36,0.798669938359629,"25","Chi3l3"
"508",0.00164654164325588,0.55377534725113,0.254,0.2,1,"25","mt-Rnr1"
"509",0.00324964772113648,0.279709378719765,0.414,0.347,1,"25","Ftl1"
"510",0.00352258002866875,0.316544436004738,0.359,0.304,1,"25","Sat1"
"511",0.00438411416160357,0.381487425710803,0.254,0.2,1,"25","Cd68"
"512",0,3.08312297770065,0.974,0.015,0,"26","Ifi205"
"513",0,2.05848810928817,0.601,0.055,0,"26","Plbd1"
"514",8.77232682849052e-206,1.84932583558096,0.526,0.063,2.05272447786678e-201,"26","Irf8"
"515",1.64619405043388e-173,1.79678732552052,0.922,0.282,3.85209407801529e-169,"26","H2-Eb1"
"516",2.72287017991623e-161,1.79607473736317,0.963,0.373,6.37151622100398e-157,"26","H2-Ab1"
"517",5.57979107758816e-151,1.6163486154437,0.951,0.36,1.30567111215563e-146,"26","H2-Aa"
"518",1.4884912143479e-138,2.33554840289623,0.948,0.557,3.48306944157408e-134,"26","Cst3"
"519",1.87543897114049e-132,1.68751917810238,0.567,0.111,4.38852719246874e-128,"26","Naaa"
"520",3.14042100786102e-131,1.30279711742116,0.321,0.035,7.34858515839479e-127,"26","Amica1"
"521",4.65503047615237e-121,1.30781901513466,0.257,0.025,1.08927713141965e-116,"26","Rnase6"
"522",1.67847544745698e-114,1.46630964843485,0.948,0.469,3.92763254704934e-110,"26","Cd74"
"523",3.66230750961797e-105,1.1442224579404,0.261,0.029,8.56979957250605e-101,"26","Mnda"
"524",2.55903370317129e-101,1.33180335054154,0.34,0.049,5.98813886542082e-97,"26","Ckb"
"525",2.62353038247754e-93,1.38232500738996,0.455,0.092,6.13906109499744e-89,"26","Ppt1"
"526",1.03621344525872e-91,1.33353106721566,0.567,0.141,2.4247394619054e-87,"26","H2-DMa"
"527",3.08699707846192e-80,1.2696992157085,0.351,0.064,7.22357316360089e-76,"26","Psmb9"
"528",7.59108320186008e-73,1.13124602264756,0.556,0.155,1.77631346923526e-68,"26","Lsp1"
"529",1.31563932213669e-67,1.13173228049396,0.399,0.09,3.07859601379985e-63,"26","H2-DMb1"
"530",1.61747630284001e-66,1.21319514371462,0.66,0.252,3.78489454864563e-62,"26","Id2"
"531",1.90565769413557e-56,1.08946046479449,0.31,0.066,4.45923900427724e-52,"26","BC028528"
"532",0,3.44672956666249,0.764,0.003,0,"27","Mmrn1"
"533",0,2.94082420561382,0.694,0.029,0,"27","Gng11"
"534",0,2.02717738776339,0.322,0.003,0,"27","Flt4"
"535",1.33747645510685e-274,1.76967680902356,0.252,0.009,3.12969490495003e-270,"27","Lama4"
"536",6.8303200743146e-241,2.59444682104688,0.57,0.06,1.59829489738962e-236,"27","Lyve1"
"537",4.09212412442569e-190,1.70735036940687,0.264,0.016,9.57557045115611e-186,"27","Kdr"
"538",1.34041403220011e-181,1.69225357165624,0.281,0.018,3.13656883534825e-177,"27","Prkcdbp"
"539",2.22555473007235e-155,1.92809343839503,0.533,0.076,5.2077980683693e-151,"27","Sdpr"
"540",1.71421694534488e-153,1.61840023516175,0.285,0.022,4.01126765210702e-149,"27","Ecscr"
"541",1.17305400890034e-148,2.03113619832581,0.504,0.072,2.7449463808268e-144,"27","Timp3"
"542",2.79432055552018e-139,1.54765035884816,0.256,0.02,6.53871009991722e-135,"27","Cldn5"
"543",6.46822876180264e-135,1.56855030776341,0.38,0.044,1.51356553026182e-130,"27","Egfl7"
"544",2.59926686225435e-132,1.8616705662017,0.331,0.035,6.08228445767518e-128,"27","Ppfibp1"
"545",4.49339551066994e-131,1.87036871287741,0.417,0.056,1.05145454949677e-126,"27","Maf"
"546",4.72688422229146e-120,2.00774207808368,0.318,0.036,1.1060909080162e-115,"27","Fgl2"
"547",2.4806419822963e-79,1.37137485727413,0.26,0.034,5.80470223857335e-75,"27","S100a16"
"548",1.40595785976213e-64,1.42032461221464,0.277,0.046,3.28994139184339e-60,"27","Ece1"
"549",8.55125166761719e-61,1.46861990767534,0.426,0.107,2.00099289022242e-56,"27","Lrg1"
"550",1.34801773964499e-60,1.5768718558844,0.326,0.066,3.15436151076927e-56,"27","Cp"
"551",1.14716598154927e-42,1.34234260458529,0.401,0.124,2.6843683968253e-38,"27","Ctnna1"
"552",0,4.09912809820563,0.934,0.014,0,"28","Gzma"
"553",0,4.08981547495767,0.943,0.042,0,"28","Ccl5"
"554",0,3.05439311865706,0.624,0.016,0,"28","Nkg7"
"555",0,2.68793517414838,0.297,0.001,0,"28","Klra8"
"556",0,2.28964677195117,0.266,0.002,0,"28","Klre1"
"557",2.73523039287809e-294,2.05685379791438,0.258,0.009,6.40043911933473e-290,"28","Klrk1"
"558",6.06359713735759e-292,2.210991466976,0.341,0.016,1.41888173014168e-287,"28","Klrd1"
"559",1.41054970319165e-206,2.42298118238877,0.603,0.076,3.30068630546847e-202,"28","AW112010"
"560",1.25747302628855e-122,1.86668488595366,0.319,0.033,2.9424868815152e-118,"28","Ms4a4b"
"561",6.0092239939064e-34,1.2672203024461,0.55,0.253,1.4061584145741e-29,"28","Id2"
"562",1.10678075093264e-28,1.16331790469645,0.467,0.205,2.58986695718237e-24,"28","Ptprc"
"563",3.75556141547501e-19,0.710844667758912,0.633,0.405,8.78801371221152e-15,"28","Tmsb10"
"564",8.02956206600113e-12,1.06471886664093,0.266,0.129,1.87891752344426e-07,"28","Jak1"
"565",4.11572524351212e-11,0.621245033791537,0.498,0.325,9.63079706981837e-07,"28","Cd52"
"566",4.43332290871735e-09,0.417201547552325,0.729,0.626,0.000103739756063986,"28","H2-D1"
"567",1.82161147928721e-08,0.563287513958826,0.498,0.363,0.000426257086153207,"28","Lgals1"
"568",2.93487007222875e-06,0.730190026441644,0.271,0.174,0.0686759596901527,"28","Ahnak"
"569",1.61713346438503e-05,0.466055020559333,0.52,0.441,0.378409230666097,"28","H2-K1"
"570",0.000922938936447489,0.514928252865092,0.354,0.292,1,"28","Cfl1"
"571",0.00383398350398308,0.418598381438673,0.485,0.439,1,"28","Pfn1"
"572",0,2.9829444419133,0.986,0.016,0,"29","Rora"
"573",2.32375318269884e-38,1.2426259799069,0.364,0.102,5.43758244751528e-34,"29","Hc"
"574",1.2183415796794e-36,1.14919082879483,0.423,0.136,2.8509192964498e-32,"29","Chi3l1"
"575",3.95010487567525e-36,1.23830326399567,0.464,0.168,9.24324540908009e-32,"29","Slc34a2"
"576",8.27505885181591e-34,1.16218868317352,0.305,0.082,1.93636377132492e-29,"29","S100g"
"577",1.40157622614206e-32,1.01509298687603,0.364,0.11,3.27968836917243e-28,"29","Lamp3"
"578",8.60598878475858e-29,1.11516235122736,0.45,0.18,2.01380137563351e-24,"29","Cxcl15"
"579",6.36179156185984e-25,1.19630364700205,0.564,0.321,1.4886592254752e-20,"29","Sftpb"
"580",7.7384938260869e-25,1.21715319856835,0.577,0.324,1.81080755530434e-20,"29","Sftpa1"
"581",1.60191558460955e-24,0.9777397304257,0.486,0.223,3.74848246798635e-20,"29","Sftpd"
"582",1.83068958296353e-22,0.908955744890364,0.4,0.161,4.28381362413467e-18,"29","Scd1"
"583",1.72656309966341e-19,0.692918915859694,0.295,0.106,4.04015765321237e-15,"29","Ager"
"584",2.69694417235477e-18,0.808952405690811,0.273,0.098,6.31084936331016e-14,"29","Dram1"
"585",1.0420827055418e-17,0.840919502846013,0.373,0.166,2.43847353096781e-13,"29","Atp1b1"
"586",1.31467602715354e-17,1.31426529262736,0.709,0.602,3.07634190353928e-13,"29","Sftpc"
"587",2.68925803775831e-17,0.829823348852212,0.264,0.096,6.29286380835445e-13,"29","Sfta2"
"588",6.29582910465891e-16,0.86532688175332,0.386,0.188,1.47322401049018e-11,"29","Napsa"
"589",6.55680928618443e-12,0.584377048998599,0.3,0.138,1.53429337296716e-07,"29","Selenbp1"
"590",2.72681938665601e-10,0.652139764591113,0.332,0.176,6.38075736477507e-06,"29","Neat1"
"591",4.28490632536936e-08,0.605604794857569,0.268,0.142,0.00100266808013643,"29","Alcam"
"592",0,2.94028582081004,1,0.017,0,"30","4932438A13Rik"
"593",3.49433009216618e-16,1.11083398515742,0.359,0.169,8.17673241566886e-12,"30","Slc34a2"
"594",1.01287527236863e-13,0.735924340791351,0.258,0.103,2.3701281373426e-09,"30","Hc"
"595",6.47748647305261e-12,0.78894623432713,0.35,0.181,1.51573183469431e-07,"30","Cxcl15"
"596",6.79089769162294e-12,0.838490096401992,0.253,0.111,1.58907005983977e-07,"30","Lamp3"
"597",1.31215133877529e-11,0.803537725453345,0.29,0.137,3.07043413273418e-07,"30","Chi3l1"
"598",3.97144985170264e-11,0.335329445800015,0.954,0.849,9.29319265298417e-07,"30","Lyz2"
"599",6.1334505968503e-11,0.834282529757194,0.493,0.325,1.43522743966297e-06,"30","Sftpa1"
"600",2.12095965986967e-09,0.948175899617169,0.71,0.602,4.96304560409503e-05,"30","Sftpc"
"601",6.93973204494454e-09,0.690158881508725,0.3,0.162,0.000162389729851702,"30","Scd1"
"602",1.19857555936449e-08,0.830617786048334,0.456,0.322,0.000280466680891291,"30","Sftpb"
"603",1.21117797510567e-08,0.616632229287606,0.373,0.224,0.000283415646174727,"30","Sftpd"
"604",1.22748350927157e-07,0.600597695632495,0.323,0.188,0.00287231141169548,"30","Napsa"
"605",8.65904102438624e-06,0.454435550103737,0.364,0.238,0.202621559970638,"30","Rnase4"
"606",0.000327786216280784,0.378915577307829,0.825,0.765,1,"30","Malat1"
"607",0.000943666582614473,0.410349445295066,0.539,0.474,1,"30","mt-Nd2"
"608",0.00607203789717044,0.251494364691402,0.959,0.934,1,"30","mt-Rnr2"
"609",0.00746740285105825,0.254305333748353,0.608,0.556,1,"30","Npc2"
"610",0,2.9668128375743,1,0.019,0,"31","Xrn1"
"611",7.52512909961378e-08,0.349101934654015,0.913,0.849,0.00176088020930963,"31","Lyz2"
"612",3.31565265810254e-07,0.666020815812391,0.473,0.322,0.00775862721995995,"31","Sftpb"
"613",1.08992873423432e-06,0.742886085203534,0.304,0.182,0.0255043323810831,"31","Cxcl15"
"614",8.89381569710381e-06,0.694447191319334,0.451,0.325,0.208115287312229,"31","Sftpa1"
"615",1.47919727034779e-05,0.483503400730147,0.31,0.188,0.346132161261383,"31","Napsa"
"616",7.54789252941661e-05,0.74940851637143,0.685,0.602,1,"31","Sftpc"
"617",0.000239470874696316,0.559954833499417,0.321,0.224,1,"31","Sftpd"
"618",0.000362312187649157,0.294641412061996,0.668,0.556,1,"31","Npc2"
"619",0.00041580129781714,0.511424285850123,0.261,0.17,1,"31","Slc34a2"
"620",0.000449584573505942,0.286787305410776,0.571,0.456,1,"31","Hsp90b1"
"621",0.000464101569745114,0.547258495628262,0.255,0.162,1,"31","Scd1"
"622",0.00335364892717498,0.477279617047457,0.283,0.208,1,"31","Mpeg1"
"623",0.00907907175776658,0.353645036587999,0.38,0.311,1,"31","Ctsh"
"624",0,5.12150279243178,0.994,0.087,0,"32","Scgb3a1"
"625",0,4.9449899214688,0.913,0.041,0,"32","Bpifa1"
"626",0,4.35426505158318,0.879,0.02,0,"32","Reg3g"
"627",0,3.81199426625882,0.988,0.123,0,"32","Scgb3a2"
"628",0,3.33314477134498,0.74,0.006,0,"32","Bpifb1"
"629",0,2.51528167543375,0.48,0.003,0,"32","Tff2"
"630",0,2.49980910776702,0.462,0.01,0,"32","Ltf"
"631",0,2.15134338976883,0.543,0.01,0,"32","Lypd2"
"632",0,1.74791712882235,0.434,0.013,0,"32","Pigr"
"633",0,1.72887447223374,0.405,0.011,0,"32","Sult1d1"
"634",0,1.43168635404204,0.335,0.005,0,"32","Muc5b"
"635",2.24254864347273e-232,1.46402403864355,0.353,0.017,5.24756382572618e-228,"32","Fmo3"
"636",8.49709094809783e-182,1.82911899271926,0.613,0.064,1.98831928185489e-177,"32","Cp"
"637",1.5294345335149e-172,1.51400102016013,0.514,0.047,3.57887680842487e-168,"32","Cxcl17"
"638",4.731311774585e-169,2.13294024289955,0.838,0.14,1.10712695525289e-164,"32","Cyp2f2"
"639",5.35415943652459e-155,1.4228568858458,0.474,0.044,1.25287330814675e-150,"32","Gsta4"
"640",1.54420346905727e-151,2.05134265136578,0.931,0.213,3.61343611759402e-147,"32","Wfdc2"
"641",1.81480276668596e-147,1.9240603839523,0.659,0.092,4.24663847404515e-143,"32","Gsto1"
"642",5.18238827457803e-96,2.46070034384385,1,0.863,1.21267885625126e-91,"32","Scgb1a1"
"643",9.36469721663303e-92,2.47595171246525,0.717,0.174,2.19133914869213e-87,"32","Retnla"
"644",0,4.43220775191514,0.951,0.015,0,"33","Prg4"
"645",0,3.68249911316463,0.841,0.049,0,"33","Saa3"
"646",0,3.02147146882549,0.451,0.001,0,"33","Alox15"
"647",0,2.07441994671938,0.372,0.013,0,"33","Ednrb"
"648",0,2.04221350833282,0.256,0.002,0,"33","Serpinb2"
"649",0,2.03545817501223,0.262,0.002,0,"33","F5"
"650",3.60989997159702e-260,2.44933452578482,0.354,0.014,8.44716593353703e-256,"33","Fcna"
"651",2.10001026459783e-192,2.57146177303357,0.311,0.015,4.91402401915892e-188,"33","Cxcl13"
"652",7.03192271465718e-161,2.4896163540863,0.591,0.068,1.64546991522978e-156,"33","Pf4"
"653",1.35120962088541e-149,2.51278689290884,0.683,0.103,3.16183051287185e-145,"33","Cfp"
"654",2.45590132629765e-142,3.02733187546465,0.646,0.094,5.7468091035365e-138,"33","Slpi"
"655",2.07364643745394e-127,2.16535709570681,0.567,0.077,4.85233266364223e-123,"33","Itgam"
"656",1.86585787358302e-94,2.10068467678958,0.604,0.118,4.36610742418428e-90,"33","Ecm1"
"657",6.12223990062567e-79,1.48585086083117,0.262,0.025,1.43260413674641e-74,"33","Icam2"
"658",1.62391935057569e-70,1.57275611790039,0.323,0.042,3.79997128034711e-66,"33","Thbs1"
"659",1.89249629635835e-66,1.57684579933076,0.268,0.031,4.42844133347854e-62,"33","C4b"
"660",1.64505737015982e-63,1.48337337233312,0.817,0.314,3.84943424617399e-59,"33","Wfdc17"
"661",3.14595604095652e-63,1.51151028703513,0.268,0.033,7.36153713583825e-59,"33","Emilin2"
"662",4.81302072956985e-63,1.6836004090619,0.683,0.214,1.12624685071934e-58,"33","Fn1"
"663",1.23267037540742e-42,1.52937101646826,0.287,0.052,2.88444867845336e-38,"33","Fam46a"
"664",0,3.06227710563008,0.583,0.008,0,"34","Fibin"
"665",0,3.01389266221338,0.757,0.047,0,"34","Cyp4b1"
"666",0,3.00526373763957,0.597,0.012,0,"34","Ednrb"
"667",0,2.91854119316952,0.667,0.02,0,"34","Kitl"
"668",0,2.71269883158046,0.549,0.015,0,"34","Kdr"
"669",0,2.58768244728376,0.528,0.01,0,"34","Tbx3"
"670",0,2.56701819695391,0.556,0.024,0,"34","Icam2"
"671",0,2.55065038275647,0.597,0.028,0,"34","Cdh5"
"672",0,2.52276524217708,0.549,0.019,0,"34","Cldn5"
"673",0,2.44415937360374,0.674,0.039,0,"34","Tmem100"
"674",0,2.4399028191388,0.465,0.014,0,"34","Rgs12"
"675",1.16282740084408e-276,2.42007008143578,0.66,0.043,2.72101611797516e-272,"34","Egfl7"
"676",4.50362564873666e-276,2.41355344825812,0.618,0.038,1.05384840180438e-271,"34","Thbd"
"677",6.00707810182882e-264,2.37641279592928,0.646,0.043,1.40565627582794e-259,"34","Ramp2"
"678",1.23526849469013e-239,2.4217113929095,0.562,0.036,2.89052827757491e-235,"34","Clic5"
"679",2.88775778208694e-226,2.69465982376005,0.75,0.074,6.75735321008345e-222,"34","Emp2"
"680",8.77964443745085e-214,2.56584496614384,0.826,0.093,2.0544367983635e-209,"34","Ly6c1"
"681",1.02644450709188e-201,2.61501316777754,0.688,0.066,2.40188014659499e-197,"34","Car4"
"682",2.4286722284733e-185,2.52092150839325,0.882,0.128,5.68309301462752e-181,"34","Ly6a"
"683",2.65376368891501e-165,2.38610808661607,0.562,0.053,6.20980703206113e-161,"34","Tspan13"
"684",0,3.09131185955116,0.993,0.019,0,"35","Rlf"
"685",2.50894603505282e-12,0.454596532426636,0.831,0.579,5.8709337220236e-08,"35","Ctss"
"686",1.1488325667711e-09,0.446073425652949,0.718,0.488,2.68826820624438e-05,"35","Spp1"
"687",9.1882908128402e-08,0.494424764585076,0.57,0.376,0.00215006005020461,"35","Cyba"
"688",1.24315140950508e-07,0.774191457897519,0.303,0.147,0.00290897429824189,"35","1100001G20Rik"
"689",1.49927977336855e-07,0.788469616459516,0.296,0.15,0.0035083146696824,"35","F7"
"690",8.68976064264577e-07,0.807759324405764,0.507,0.36,0.0203340399037911,"35","Chi3l3"
"691",1.40672143280142e-06,0.480612233410272,0.57,0.42,0.0329172815275531,"35","Cd9"
"692",2.19487849672394e-06,0.821915226207245,0.254,0.131,0.0513601568233403,"35","Tbca"
"693",3.37440605666683e-06,0.426073514247913,0.514,0.35,0.0789611017260038,"35","Laptm5"
"694",7.27849616629283e-06,0.422391176216153,0.634,0.495,0.170316810291252,"35","Ctsd"
"695",3.42415285207983e-05,0.522830810936561,0.268,0.149,0.801251767386681,"35","Itgb2"
"696",0.000194638260257784,0.451191861740921,0.324,0.208,1,"35","Mpeg1"
"697",0.000205787940169165,0.581150095612185,0.31,0.197,1,"35","Lilrb4"
"698",0.000253360073904784,0.648704270740063,0.289,0.18,1,"35","Clec4n"
"699",0.000566201582295825,0.480692381804408,0.275,0.171,1,"35","Arg1"
"700",0.000966728660710114,0.51432912919109,0.324,0.223,1,"35","Msrb1"
"701",0.0017333751079812,0.691500550656084,0.43,0.325,1,"35","Ctsl"
"702",0.00260894405852838,0.496979314088745,0.296,0.203,1,"35","Cd302"
"703",0.00979907674636323,0.44244806201567,0.289,0.211,1,"35","S100a4"
"704",0,3.19098054295694,1,0.016,0,"36","Ptpn22"
"705",5.7213105558506e-11,0.615322955634561,0.947,0.934,1.33878667006904e-06,"36","mt-Rnr2"
"706",1.59759631969151e-06,0.534496733737148,0.636,0.551,0.0373837538807813,"36","Rps3a1"
"707",3.11434066485109e-06,0.593481182886113,0.576,0.478,0.0728755715575155,"36","Rps15"
"708",4.1472196444844e-06,0.563491854921672,0.591,0.48,0.0970449396809351,"36","Rpl34"
"709",7.87297460585908e-06,0.523324501639533,0.636,0.536,0.184227605777102,"36","Rps15a"
"710",1.87346731610195e-05,0.522310365624325,0.682,0.624,0.438391351967857,"36","Rpl13a"
"711",3.39147751804621e-05,0.728752590345883,0.386,0.272,0.793605739222814,"36","Gm7808"
"712",3.42181329156336e-05,0.864148956062182,0.326,0.207,0.800704310225827,"36","Ptprc"
"713",5.31049057751092e-05,0.686504171023033,0.447,0.341,1,"36","Rps7"
"714",7.08284400937167e-05,0.591240456125024,0.53,0.436,1,"36","Rps21"
"715",0.000413034358253194,0.60447446951771,0.492,0.409,1,"36","Rps28"
"716",0.0004896028879571,0.532065534570374,0.47,0.385,1,"36","Rps26-ps1"
"717",0.00094543882630739,0.599239197583438,0.356,0.267,1,"36","Gm10275"
"718",0.00102050505824946,0.638383865949509,0.394,0.317,1,"36","Gm9493"
"719",0.00218577571987517,0.708810325233669,0.28,0.2,1,"36","mt-Rnr1"
"720",0.0031023234821231,0.566280484973782,0.295,0.213,1,"36","Cnbp"
"721",0.00461333047446193,0.509231070977736,0.47,0.407,1,"36","Tmsb10"
"722",0.00549267346736517,0.568441128132006,0.432,0.391,1,"36","Gm6472"
"723",0.0074234688677636,0.737209394424019,0.273,0.206,1,"36","Uba52"
"724",0,3.12018723088639,1,0.015,0,"37","Ccdc66"
"725",4.10657119941597e-07,0.645319163822966,0.487,0.287,0.00960937660663337,"37","H2-Eb1"
"726",2.11716404447976e-06,0.655835131940858,0.549,0.364,0.0495416386408264,"37","H2-Aa"
"727",2.37838374719885e-06,0.658077603457233,0.363,0.197,0.0556541796844532,"37","Lilrb4"
"728",7.04961720190574e-06,0.451844702480945,0.726,0.58,0.164961042524594,"37","Ctss"
"729",2.25869843916329e-05,0.40062081126857,0.566,0.375,0.52853543476421,"37","Fcer1g"
"730",0.000125113053454662,0.579974426528316,0.389,0.255,1,"37","Id2"
"731",0.000211209026959982,0.567773985190311,0.513,0.378,1,"37","H2-Ab1"
"732",0.000219965494160916,0.702639144639914,0.265,0.147,1,"37","Ccl9"
"733",0.000403789950228738,0.520388579283247,0.265,0.15,1,"37","F7"
"734",0.000554628985483403,0.391379783153818,0.451,0.3,1,"37","C1qb"
"735",0.000588475813628507,0.403034211332688,0.602,0.473,1,"37","Cd74"
"736",0.000662497368395235,0.404818733701669,0.611,0.504,1,"37","Gpx1"
"737",0.000701483483726552,0.556460663904589,0.46,0.354,1,"37","Dbi"
"738",0.000713017693849602,0.463003773088932,0.327,0.203,1,"37","Actr3"
"739",0.00125828066394651,0.383580786201195,0.398,0.271,1,"37","Alox5ap"
"740",0.00267701022688022,0.467964800019156,0.602,0.488,1,"37","Spp1"
"741",0.0037094750582181,0.435819049397893,0.345,0.233,1,"37","Slfn2"
"742",0.00440183252714679,0.465131577945992,0.257,0.16,1,"37","Cd53"
"743",0.0050273797475023,0.41862661313063,0.31,0.211,1,"37","S100a4"
"744",0,3.02128557935789,1,0.014,0,"38","Ch25h"
"745",1.18164499962035e-34,1.30459528836639,0.826,0.359,2.76504929911161e-30,"38","Chi3l3"
"746",8.33519691965986e-32,1.20992220489411,0.862,0.441,1.95043607920041e-27,"38","Ccl6"
"747",9.75569635122072e-26,1.17189764058954,0.339,0.074,2.28283294618565e-21,"38","Il18"
"748",6.26150903330039e-24,1.11101159589052,0.486,0.147,1.46519311379229e-19,"38","1100001G20Rik"
"749",2.19957103763633e-23,1.19126598904741,0.284,0.06,5.146996228069e-19,"38","Klhdc4"
"750",1.24952538404762e-22,1.21804052555623,0.349,0.087,2.92388939867143e-18,"38","Ctsk"
"751",3.44578876747628e-19,0.984076713617249,0.486,0.171,8.06314571589449e-15,"38","Atp6v0d2"
"752",4.14535687715056e-19,0.922411711070254,0.743,0.42,9.70013509253231e-15,"38","Cd9"
"753",5.05889659158283e-19,1.02101747738549,0.257,0.057,1.18378180243038e-14,"38","Ms4a8a"
"754",2.08478677644156e-16,1.29612719179122,0.266,0.068,4.87840105687326e-12,"38","Car4"
"755",7.63321262002219e-15,1.11347360751851,0.294,0.087,1.78617175308519e-10,"38","1600029D21Rik"
"756",9.04996602856829e-14,0.928213525068486,0.294,0.089,2.11769205068498e-09,"38","1810033B17Rik"
"757",1.01453741945538e-13,0.94893836122937,0.394,0.15,2.37401756152559e-09,"38","F7"
"758",3.43192321826234e-13,0.945113119181053,0.303,0.098,8.03070033073388e-09,"38","Abcg1"
"759",3.73355642493188e-13,0.915364388020566,0.468,0.208,8.7365220343406e-09,"38","Mpeg1"
"760",2.59474504329634e-09,0.857384709373507,0.339,0.148,6.07170340131343e-05,"38","Pld3"
"761",3.04435201600252e-09,0.93315405838639,0.367,0.164,7.12378371744589e-05,"38","Plek"
"762",6.21891836302122e-09,0.955570675238226,0.349,0.155,0.000145522689694697,"38","Cd44"
"763",1.0872207932482e-06,0.909686677063719,0.312,0.156,0.0254409665620079,"38","Plin2"
"764",0,2.87261025198192,0.889,0.019,0,"39","Vwf"
"765",7.14984705472856e-07,0.769754100380918,0.756,0.442,0.0167306421080648,"39","Ccl6"
"766",4.63191312863183e-06,0.958356998248578,0.378,0.15,0.108386767209985,"39","F7"
"767",4.67313665373224e-06,0.574557417175606,0.867,0.58,0.109351397697334,"39","Ctss"
"768",5.24327715074349e-06,0.704316488469399,0.733,0.488,0.122692685327398,"39","Spp1"
"769",1.0826313820444e-05,0.880753280131854,0.4,0.164,0.253335743398389,"39","Ear2"
"770",3.57855874962784e-05,0.706521787386263,0.644,0.421,0.837382747412915,"39","Cd9"
"771",0.000108764902635445,0.563850224967746,0.711,0.495,1,"39","Ctsd"
"772",0.000141059520543538,0.586677999692361,0.6,0.36,1,"39","Chi3l3"
"773",0.000335503285863753,0.694673817862329,0.556,0.377,1,"39","Cyba"
"774",0.000335518083930287,0.390301264727999,0.933,0.85,1,"39","Lyz2"
"775",0.000611246213219126,0.639246909983329,0.533,0.347,1,"39","Ftl1"
"776",0.000631007419628031,0.663633005169628,0.489,0.304,1,"39","Sat1"
"777",0.000714171104723358,0.548488022927499,0.667,0.504,1,"39","Gpx1"
"778",0.000760022800450746,0.797097620337623,0.378,0.2,1,"39","Cd68"
"779",0.00176108218257174,0.822750529224245,0.333,0.172,1,"39","Atp6v0d2"
"780",0.00438903528126422,0.733678614661562,0.289,0.148,1,"39","1100001G20Rik"
"781",0.00461265468286446,0.570892554466728,0.556,0.376,1,"39","Fcer1g"
"782",0.0057981369830339,0.703584386937077,0.467,0.326,1,"39","Ctsl"
"783",0.00706022101587919,0.375610366663704,0.6,0.405,1,"39","Lgals3"
